"NumberOfEstimator,TreeErrorAssociatedWithCorrectness"
5,0.13493975903629796
4,0.1500121369292653
3,0.15485495923736903
2,0.17444454577723068
1,0.19202737163954697
